[
    {
        "name": "guzzlehttp/promises",
        "version": "1.0.2",
        "version_normalized": "1.0.2.0",
        "source": {
            "type": "git",
            "url": "https://github.com/guzzle/promises.git",
            "reference": "97fe7210def29451ec74923b27e552238defd75a"
        },
        "dist": {
            "type": "zip",
            "url": "https://api.github.com/repos/guzzle/promises/zipball/97fe7210def29451ec74923b27e552238defd75a",
            "reference": "97fe7210def29451ec74923b27e552238defd75a",
            "shasum": ""
        },
        "require": {
            "php": ">=5.5.0"
        },
        "require-dev": {
            "phpunit/phpunit": "~4.0"
        },
        "time": "2015-08-15 19:37:21",
        "type": "library",
        "extra": {
            "branch-alias": {
                "dev-master": "1.0-dev"
            }
        },
        "installation-source": "dist",
        "autoload": {
            "psr-4": {
                "GuzzleHttp\\Promise\\": "src/"
            },
            "files": [
                "src/functions_include.php"
            ]
        },
        "notification-url": "https://packagist.org/downloads/",
        "license": [
            "MIT"
        ],
        "authors": [
            {
                "name": "Michael Dowling",
                "email": "mtdowling@gmail.com",
                "homepage": "https://github.com/mtdowling"
            }
        ],
        "description": "Guzzle promises library",
        "keywords": [
            "promise"
        ]
    },
    {
        "name": "psr/http-message",
        "version": "1.0",
        "version_normalized": "1.0.0.0",
        "source": {
            "type": "git",
            "url": "https://github.com/php-fig/http-message.git",
            "reference": "85d63699f0dbedb190bbd4b0d2b9dc707ea4c298"
        },
        "dist": {
            "type": "zip",
            "url": "https://api.github.com/repos/php-fig/http-message/zipball/85d63699f0dbedb190bbd4b0d2b9dc707ea4c298",
            "reference": "85d63699f0dbedb190bbd4b0d2b9dc707ea4c298",
            "shasum": ""
        },
        "require": {
            "php": ">=5.3.0"
        },
        "time": "2015-05-04 20:22:00",
        "type": "library",
        "extra": {
            "branch-alias": {
                "dev-master": "1.0.x-dev"
            }
        },
        "installation-source": "dist",
        "autoload": {
            "psr-4": {
                "Psr\\Http\\Message\\": "src/"
            }
        },
        "notification-url": "https://packagist.org/downloads/",
        "license": [
            "MIT"
        ],
        "authors": [
            {
                "name": "PHP-FIG",
                "homepage": "http://www.php-fig.org/"
            }
        ],
        "description": "Common interface for HTTP messages",
        "keywords": [
            "http",
            "http-message",
            "psr",
            "psr-7",
            "request",
            "response"
        ]
    },
    {
        "name": "guzzlehttp/psr7",
        "version": "1.2.0",
        "version_normalized": "1.2.0.0",
        "source": {
            "type": "git",
            "url": "https://github.com/guzzle/psr7.git",
            "reference": "4ef919b0cf3b1989523138b60163bbcb7ba1ff7e"
        },
        "dist": {
            "type": "zip",
            "url": "https://api.github.com/repos/guzzle/psr7/zipball/4ef919b0cf3b1989523138b60163bbcb7ba1ff7e",
            "reference": "4ef919b0cf3b1989523138b60163bbcb7ba1ff7e",
            "shasum": ""
        },
        "require": {
            "php": ">=5.4.0",
            "psr/http-message": "~1.0"
        },
        "provide": {
            "psr/http-message-implementation": "1.0"
        },
        "require-dev": {
            "phpunit/phpunit": "~4.0"
        },
        "time": "2015-08-15 19:32:36",
        "type": "library",
        "extra": {
            "branch-alias": {
                "dev-master": "1.0-dev"
            }
        },
        "installation-source": "dist",
        "autoload": {
            "psr-4": {
                "GuzzleHttp\\Psr7\\": "src/"
            },
            "files": [
                "src/functions_include.php"
            ]
        },
        "notification-url": "https://packagist.org/downloads/",
        "license": [
            "MIT"
        ],
        "authors": [
            {
                "name": "Michael Dowling",
                "email": "mtdowling@gmail.com",
                "homepage": "https://github.com/mtdowling"
            }
        ],
        "description": "PSR-7 message implementation",
        "keywords": [
            "http",
            "message",
            "stream",
            "uri"
        ]
    },
    {
        "name": "guzzlehttp/guzzle",
        "version": "6.1.0",
        "version_normalized": "6.1.0.0",
        "source": {
            "type": "git",
            "url": "https://github.com/guzzle/guzzle.git",
            "reference": "66fd14b4d0b8f2389eaf37c5458608c7cb793a81"
        },
        "dist": {
            "type": "zip",
            "url": "https://api.github.com/repos/guzzle/guzzle/zipball/66fd14b4d0b8f2389eaf37c5458608c7cb793a81",
            "reference": "66fd14b4d0b8f2389eaf37c5458608c7cb793a81",
            "shasum": ""
        },
        "require": {
            "guzzlehttp/promises": "~1.0",
            "guzzlehttp/psr7": "~1.1",
            "php": ">=5.5.0"
        },
        "require-dev": {
            "ext-curl": "*",
            "phpunit/phpunit": "~4.0",
            "psr/log": "~1.0"
        },
        "time": "2015-09-08 17:36:26",
        "type": "library",
        "extra": {
            "branch-alias": {
                "dev-master": "6.1-dev"
            }
        },
        "installation-source": "dist",
        "autoload": {
            "files": [
                "src/functions_include.php"
            ],
            "psr-4": {
                "GuzzleHttp\\": "src/"
            }
        },
        "notification-url": "https://packagist.org/downloads/",
        "license": [
            "MIT"
        ],
        "authors": [
            {
                "name": "Michael Dowling",
                "email": "mtdowling@gmail.com",
                "homepage": "https://github.com/mtdowling"
            }
        ],
        "description": "Guzzle is a PHP HTTP client library",
        "homepage": "http://guzzlephp.org/",
        "keywords": [
            "client",
            "curl",
            "framework",
            "http",
            "http client",
            "rest",
            "web service"
        ]
    }
]
